<core:FragmentDefinition xmlns="sap.m"
	xmlns:core="sap.ui.core"
	xmlns:l="sap.ui.layout" xmlns:f="sap.ui.layout.form" xmlns:ui="sap.ui"
	xmlns:app="http://schemas.sap.com/sapui5/extension/sap.ui.core.CustomData/1">
	<Dialog showHeader="false" class="sapUiSizeCompact"
		contentHeight="auto" contentWidth="90%">
		
		<subHeader class="sapUiSmallMarginBegin">
			<Toolbar>
				<SearchField
					liveChange="onDim1Search"
					width="50%"/>
			</Toolbar>
		</subHeader>
		
		<content>
		
			<Table id="CostCentersListTable" mode="SingleSelectMaster" inset="false" items="{/CostCentersList}">
				<columns>
					<Column minScreenWidth="Tablet" width="12%" demandPopin="true">
						<Text text="Cost Center Code" />
					</Column>
					<Column minScreenWidth="Tablet" width="25%" demandPopin="true">
						<Text text="Cost Center Name " />
					</Column>
					<Column minScreenWidth="Tablet" width="10%" demandPopin="true">
						<Text text="Currency" />
					</Column>
					<Column minScreenWidth="Tablet" width="10%" demandPopin="true">
						<Text text="Manager" />
					</Column>
					<Column minScreenWidth="Tablet" width="43%" demandPopin="true">
						<Text text="Extended Text" />
					</Column>
				</columns>
				<items>
					<ColumnListItem>
						<cells>
							<Text text="{CCCode}" />
							<Text text="{CCName}" />
							<Text text="{U_GrCur}" />
							<Text text="{U_Mangr}" />
							<Text text="{U_ExtText}" />
						</cells>
					</ColumnListItem>
				</items>
			</Table>
		</content>
    <buttons>
        <Button text="Ok" press="handleCostCentersOk" />
        <Button text="Close" press="handleCostCentersClose" />
        <Button text="Add New Grant" press="handleNewGrantCode" />
    </buttons>
	</Dialog>

</core:FragmentDefinition>