<core:FragmentDefinition xmlns="sap.m"
	xmlns:exa="org.edu.ui.controls" xmlns:core="sap.ui.core" xmlns:c="sap.ui.core"
	xmlns:l="sap.ui.layout" xmlns:f="sap.ui.layout.form" xmlns:ui="sap.ui"
	xmlns:app="http://schemas.sap.com/sapui5/extension/sap.ui.core.CustomData/1">
	<Dialog showHeader="false" class="sapUiSizeCompact"
		contentHeight="auto" contentWidth="90%">
		<content>
			<Table id="CurrencyListTable" mode="SingleSelectMaster" inset="false" items="{/CurrencyList}">
				<columns>
				    <Column minScreenWidth="Tablet" demandPopin="true" visible="hidden">
						<Text text="COL" />
					</Column>
					<Column minScreenWidth="Tablet" demandPopin="true">
						<Text text="Currency Code" />
					</Column>
					<Column minScreenWidth="Tablet" demandPopin="true">
						<Text text="Currency Name" />
					</Column>
				</columns>
				<items>
					<ColumnListItem>
						<cells>
					    	<Text text="{COL}" />
							<Text text="{CurrCode}" />
							<Text text="{CurrName}" />
						</cells>
					</ColumnListItem>
				</items>
			</Table>
		</content>
    <buttons>
        <Button text="Ok" press="handleCurrencyOk" />
        <Button text="Close" press="handleCurrencyClose" />
    </buttons>
	</Dialog>

</core:FragmentDefinition>