<core:FragmentDefinition xmlns="sap.m"
	xmlns:exa="org.edu.ui.controls" xmlns:core="sap.ui.core" xmlns:c="sap.ui.core"
	xmlns:l="sap.ui.layout" xmlns:f="sap.ui.layout.form" xmlns:ui="sap.ui"
	xmlns:app="http://schemas.sap.com/sapui5/extension/sap.ui.core.CustomData/1">
	<Dialog showHeader="false" class="sapUiSizeCompact"
		contentHeight="auto" contentWidth="90%">
		
		<subHeader class="sapUiSmallMarginBegin">
			<Toolbar>
				<SearchField
					liveChange="onPgmCodeSearch"
					width="50%"/>
			</Toolbar>
		</subHeader>
		
		<content>
			<Table id="ProgramCodeListTable" mode="SingleSelectMaster" inset="false" items="{/ProgramCodeList}">
				<columns>
					<Column minScreenWidth="Tablet" width="13%" demandPopin="true">
						<Text text="Program Code" />
					</Column>
					<Column minScreenWidth="Tablet" width="30%" demandPopin="true">
						<Text text="Program Name" />
					</Column>
					<Column minScreenWidth="Tablet" width="13%" demandPopin="true">
						<Text text="Parent Program Code " />
					</Column>
					<Column minScreenWidth="Tablet" width="13%" demandPopin="true">
						<Text text="Program Manager" />
					</Column>
					<Column minScreenWidth="Tablet" width="30%" demandPopin="true">
						<Text text="Extended Text" />
					</Column>
				</columns>
				<items>
					<ColumnListItem>
						<cells>
							<Text text="{CCCode}" />
							<Text text="{CCName}" />
							<Text text="{U_ParPgm}" />
							<Text text="{U_Mangr}" />
							<Text text="{U_ExtText}" />
						</cells>
					</ColumnListItem>
				</items>
			</Table>
		</content>
    <buttons>
        <Button text="Ok" press="handleProgramCodeOk" />
        <Button text="Close" press="handleProgramCodeClose" />
        <Button text="Add New Program" press="handleAddProgramCode" />
    </buttons>
	</Dialog>

</core:FragmentDefinition>