<core:FragmentDefinition xmlns="sap.m"
	xmlns:exa="org.edu.ui.controls" xmlns:core="sap.ui.core" xmlns:c="sap.ui.core"
	xmlns:l="sap.ui.layout" xmlns:f="sap.ui.layout.form" xmlns:ui="sap.ui"
	xmlns:app="http://schemas.sap.com/sapui5/extension/sap.ui.core.CustomData/1">
	<Dialog showHeader="false" class="sapUiSizeCompact"
		contentHeight="auto" contentWidth="70%">
		
		<subHeader class="sapUiSmallMarginBegin">
			<Toolbar>
				<SearchField
					liveChange="onRevTypeSearch"
					width="50%"/>
			</Toolbar>
		</subHeader>
		
		<content>
			<Table id="RevTypeListTable" mode="SingleSelectMaster" inset="false" items="{/RevTypeList}">
				<columns>
					<Column minScreenWidth="Tablet" demandPopin="true">
						<Text text="Revenue Type" />
					</Column>
				</columns>
				<items>
					<ColumnListItem>
						<cells>
							<Text text="{U_RevTyp}" />
						</cells>
					</ColumnListItem>
				</items>
			</Table>
		</content>
    <buttons>
        <Button text="Ok" press="handleRevTypeOk" />
        <Button text="Close" press="handleRevTypeClose" />
    </buttons>
	</Dialog>

</core:FragmentDefinition>